{"planets.png/Rocket Option 1.png": [85665.65521911852, -122413.32045215351, 21159.43270593452, 12336.27205712931, 1.0], "planets.png/moon1.png": [79652.75933832438, -16807.106268166586, -28477.58958235252, -6064.45821121747, 4.87e+24], "planets.png/jupiter.png": [-67831.68893141267, -7551.6437888004, 29507.630056607824, 29283.810955027435, 4.7e+24]}