{"planets.png/Sun.png": [2624089.270067443, 5409896.816463824, 0.7161142800628533, 1.710113175570678, 1.989e+30], "planets.png/mercury1.png": [11177708361.413137, -56720224395.47173, 38480.36180519361, 22090.009722123577, 3.3011e+23], "planets.png/venus1.png": [121330438764.3181, 72060486129.99243, -13989.952988146024, 20406.891556261187, 4.8675e+24], "planets.png/earth1.png": [-61382330685.32038, 99799208213.01483, -27548.716302518525, -21814.877734107013, 5.97237e+24], "planets.png/mars1.png": [-97962967357.03914, 185072317886.68115, -20394.215714617083, -12263.45774118136, 6.4171e+23], "planets.png/jupiter.png": [145450463534.18765, 686614828348.8066, -13082.099092037914, 2416.5895305604613, 1.8982e+27], "planets.png/saturn1.png": [1416266827309.831, -213118887862.18335, 451.5907911294498, 8962.774036918267, 5.6834e+26], "planets.png/uranus1.png": [1655755040203.9346, 2217045051508.4062, -5689.227770936674, 3206.152945052558, 8.681e+25], "planets.png/Neptune.png": [4471865080113.545, -42078481826.29011, -9.334588135106697, 5082.654933368167, 1.02413e+26]}