{"planets.png/Sun.png": [4499870.124871336, 10224490.884341426, 0.8604055414977893, 2.381300134229763, 1.989e+30], "planets.png/mercury1.png": [-26761740266.731293, 31769991960.452946, -57394.78896942052, -22666.003552212616, 3.3011e+23], "planets.png/venus1.png": [73414977019.84892, 108087519439.22427, -26059.35097274547, 9092.631685815102, 4.8675e+24], "planets.png/earth1.png": [-106239537993.8576, 28845207093.809093, -8463.653553376433, -36182.15480413882, 5.97237e+24], "planets.png/mars1.png": [-141355371831.5172, 149011184936.59464, -16179.436130088467, -18143.17159939671, 6.4171e+23], "planets.png/jupiter.png": [114481030025.90472, 691568468122.5164, -13199.91915902456, 1792.2891190459015, 1.8982e+27], "planets.png/saturn1.png": [1417151420965.3994, -191974618631.50702, 300.4168826063999, 8984.454678718963, 5.6834e+26], "planets.png/uranus1.png": [1642321063335.359, 2224560385526.3965, -5713.629806358116, 3173.2918057445745, 8.681e+25], "planets.png/Neptune.png": [4471824487408.943, -30102568775.977962, -24.990117034278626, 5082.783951192222, 1.02413e+26]}